feature,perm_importance_mean,perm_importance_std
max_abs_slope_down_z,0.05141625615763553,0.018913688180842284
max_down_z,0.04260435571687845,0.012661078706888377
viscosity,0.03192247861031896,0.018308350808824068
SPM,0.02865893181228938,0.017965924713976875
std_load_z,0.020689655172413814,0.009599593729017275
max_up_z,0.019334975369458184,0.015699434741647915
PPRL_z,0.016687192118226658,0.016929466604868187
position_of_min_load,0.015517241379310409,0.017468160196229116
mean_up_z,0.014470443349753725,0.0068249827100656975
load_range_z,0.004495073891625656,0.0106120554597282
pump_depth,0.004187192118226646,0.008149508993382135
MPRL_z,0.0034482758620689945,0.004223258177212411
load_range_raw_lbf,0.0008620689655172486,0.0025862068965517462
min_down_z,0.0008166969147005876,0.007980323363310586
min_up_z,0.0,0.0
mean_load_raw_lbf,0.0,0.0
std_load_raw_lbf,0.0,0.0
PPRL_raw_lbf,0.0,0.0
temperature,0.0,0.0
fluid_level,0.0,0.0
production_rate,0.0,0.0
up_down_load_ratio_raw,0.0,0.0
stroke_length,0.0,0.0
std_up_z,0.0,0.0
card_work_raw_lbf_in,0.0,0.0
mean_slope_down_z,0.0,0.0
position_of_peak_load,-0.006342364532019684,0.007010245550101422
MPRL_raw_lbf,-0.0071428571428571175,0.008748177652797033
card_area_shape_norm,-0.0071428571428571175,0.008748177652797033
std_down_z,-0.007894736842105222,0.006446025638903066
mean_slope_up_z,-0.012499999999999956,0.008183170883849686
mean_load_z,-0.012499999999999956,0.008183170883849686
max_abs_slope_up_z,-0.012499999999999956,0.008183170883849686
mean_down_z,-0.020018796992481123,0.005671118361483278
